prompt,completion
一輩子,一世
跌跌撞撞,一仆一碌
五分鐘,一個字
一個子兒,一個崩
一倍,一個開
一服藥,一劑藥
鐵價不二,一口價
要不然,一唔係
一口,一啖
一口氣,一啖氣
一撮毛,一執毛
問題全解決了,一天都光晒
一對,一孖
顯淺,一字咁淺
一字腿,一字馬
一面砌牆兩面光,一家便宜兩家著
一家老小,一家大細
一雙鞋,一對鞋
山外有山樓外有樓,一山還有一山高
心頭火起,一把火
一束荔枝,一抽荔枝
一串鑰匙,一抽鎖匙
鬧崩了,一拍兩散
一天到晚,一日到黑
一時半會,一時三刻
一個人,一枝公
一道痕跡,一條痕
一道縫兒,一條罅
一把香蕉,一梳蕉
一排牙齒,一棚牙
一把骨頭,一棚骨
一橫一豎,一橫一棟
第一流,一流
一伙人,一班人
一目了然,一眼睇晒
眼觀六路,一眼關七
一根蔗,一碌蔗
一束花,一紮花
一肚子氣,一肚氣
腳踩兩隻船,一腳踏兩船
一手包辦,一腳踢
一塊錢,一蚊雞
一身麻煩,一身蟻
一口氣,一輪嘴
一根甘蔗,一轆蔗
一扇門,一道門
一塌糊塗,一鑊泡
一鍋端,一鑊熟
一會兒,一陣
一條狗,一隻狗
一條香蕉,一隻蕉
一鼻子灰,一面屁
莫名其妙,一頭霧水
一盒帶子,一餅帶
一頓,一餐
一頓飯,一餐飯
差不多,七七八八
亂七八糟,七國咁亂
七夕,七姐旦
熱乎勁兒,三分鐘熱度
三頭對案,三口六面
三明治,三文治
鮭魚,三文魚
三天兩頭,三日唔埋兩日
三歲看老,三歲定八十
領導,上司
上課,上堂
認乾親,上契
去年,上年
掌握,上手
上坡兒,上斜路
上午,上晝
高湯,上湯
公映,上畫
上發條,上鏈
上相,上鏡
上邊兒,上高
下邊兒,下低
下午,下晝
抓手,不求人
活兒,世藝
丟人,丟架
上當,中招
中等,中挺
國樂,中樂
中號,中碼
短大衣,中褸
五分頭,中間界
拼寫,串字
烤肉串兒,串燒
主謀,主腦
有時候,久唔久
罷了,之嘛
乒乓球,乒乓波
啥玩意兒,乜東東
甚麼來頭,乜水
說甚麼,乜野話
什麼,乜鬼
純金,九九金
牛頭不對馬嘴,九唔搭八
九九歌,九因歌
討錢,乞錢
要飯,乞食
烤小豬,乳豬
風雨衣,乾濕褸
牛肉炒粉條,乾炒牛河
直流電,乾電
糊弄,亂咁點
亂套了,亂哂籠
扯淡,亂嗡
亂了套,亂晒龍
亂葬崗子,亂葬崗
亂套,亂龍
狗急跳墻,事急馬行田
因為,事關
老闆娘,事頭婆
敗家子,二世祖
叛徒,二五仔
小人物,二打六
八字鬍子,二撇雞
酸溜魚,五柳魚
一點兒,些少
外公,亞公
叔父,亞叔
哥哥,亞哥
妹妹,亞妹
外婆,亞婆
媽媽,亞媽
嫂嫂,亞嫂
嬸嬸,亞嬸
爸爸,亞爸
頭頭兒,亞頭
交空房,交吉
買賣,交投
交班,交更
交房租,交租
小小年紀,人仔細細
別人,人地
客人,人客
海了去了,人山人海
工資,人工
人怕出名豬怕壯,人怕出名豬怕肥
人情薄如紙,人情紙咁薄
敗類,人渣
人小點子多,人細鬼大
偷渡者,人蛇
盡心盡力,仆心仆命
今年比去年好,今年好過舊年
今非昔比,今時唔同往日
這次,今次
這次,今趟
介意,介懷
兒大不由娘,仔大仔世界
悠閒,他條
還是,仲係
還想,仲想
還想怎樣,仲想點
還有,仲有
隋便挑,任揀
站,企
服務員,企堂
站住,企定
整潔,企理
立領,企領
趴下,伏低
捉迷藏,伏匿匿
服務員,伙計
炊事員,伙頭
猜,估
猜中,估中
想不到,估唔到
像模像樣的,似模似樣
極像,似足
但是,但係
凡是,但凡
胎動,作動
造反,作反
誇張,作大
對著幹,作對
找死,作死
裝模作樣,作狀
他,佢
他們,佢地
他們很對勁兒,佢地好夾
用,使
沒必要,使乜
進口貨,來佬貨
現在,依家
按時,依時依候
動靜,依郁
休閑服,便服
風頭十足,係威係勢
在,係度
服了你了,保你大
給,俾
用心,俾心機
倉庫,倉
那個傢伙,個條友
一個來月,個零月
後視鏡,倒後鏡
回鍋水,倒汗水
拆台,倒米
倒過來,倒翻轉
倒立,倒豎葱
假如,假若
吊喪,做七
送禮,做人情
和稀泥,做和事佬
演戲,做戲
慶祝生日,做生日
打牙祭,做禡
在幹什麼,做緊乜野
表演,做騷
蒙混過去,側側膊
搶跑,偷步
削薄,偷薄
偷雞不著蝕把米,偷雞唔到蝕渣米
傳球,傳波
瘋女人,傻婆
傻乎乎的,傻更更
聊天兒,傾偈
談得來,傾得埋
聊天,傾解
價目表,價錢牌
質優,優質
存,儲
存錢,儲錢
打腫臉充胖子,充大頭鬼
前一陣子,先排
光亮,光猛
光盤,光碟
日光燈,光管
光溜溜,光脫脫
碎牛肉,免治牛肉
轉悠,兜個圈
繞路,兜路
招風耳朵,兜風耳
搬新居,入伙
入住許可證,入伙紙
坐牢,入冊
入選,入圍
收入,入息
入賬,入數
加油,入油
壁櫥,入牆櫃
進剪票口,入閘
裡面,入面
內奸,內鬼
娘兒倆,兩仔乸
父子倆,兩仔爺
夫婦,兩公婆
上下夠不,兩頭唔到岸
差不多,八八九九
好打聽,八卦
三八,八婆
公文包,公事包
小人書,公仔書
方便麵,公仔麵
公共房屋,公屋
出差,公幹
六輪,六啤半
沒甚麼特別,冇乜點
沒份兒,冇份
拿他沒辦法,冇佢收
沒信用,冇口齒
沒教養,冇家教
斷線風箏,冇尾飛鉈
沒多久,冇幾耐
沒門兒,冇得傾
無可挑剔,冇得彈
沒法治,冇得醫
無與倫比,冇得頂
有頭沒尾,冇手尾
沒本事,冇料
沒空兒,冇時間
沒戲,冇機會
沒人管,冇王管
掃興,冇癮
沒辦法,冇符
沒正經,冇紋路
沒胃口,冇胃口
沒戲,冇行
造孽,冇陰功
丟臉,冇面
要不然,再唔係
三長兩短,冬瓜豆腐
炸麵餅圈,冬甩
雪,冰
過道,冷巷
空調,冷氣
空調機,冷氣機
毛衣,冷衫
著涼,冷親
剩飯,冷飯
殘羹剩飯,冷飯菜汁
冷冰冰的,凍冰冰
冷水,凍水
涼開水,凍滾水
著涼,凍親
打水漂兒,凍過水
小椅子,凳仔
脫肛,凸腸頭
出生,出世
出生證,出世紙
出格,出位
報銷,出公數
出獄,出冊
使勁,出力
明年,出年
出麻疹,出疹
發工資,出糧
耍滑頭,出蠱惑
耍手腕,出術
作弊,出貓
刀兒,刀
小刀,刀仔
刀鋒,刀口
彆扭,刁僑扭擰
隨時,分分鐘
分岔路,分叉路
平均分配,分豬肉
撐艇仔,划船
初來乍到,初來報到
初來乍到,初來步到
起初,初初
新手,初哥
刨子,刨
啃書本,刨書
削鉛筆,刨鉛筆
紅包,利是
划得來,制得過
食水管制,制水
刮鬍子,剃鬚
勾,剔
推光頭,剝光豬（下棋）
拔牙,剝牙
嗑瓜子兒,剝瓜子
電視連續劇,劇集
辭職,劈炮
辭職不幹,劈炮唔撈
氣力,力水
武術電影,功夫片
加薪,加人工
漲價,加價
全加起來,加加埋埋
全加起來,加埋晒
加大號,加大碼
插一嘴,加把口
絲瓜,勝瓜
動氣,勞氣
窮兇極惡,勢兇夾狼
形勢,勢色
勤奮,勤力
均勻,勻巡
偷漢子,勾佬
墊底,包尾
包圓兒,包底
抬槓,包拗頸
包羅萬象,包羅萬有
郵包,包裹
划算,化算
勺子,匙羹
躲起來,匿埋
點球,十二碼球
七上八下,十五十六
十問九不答,十問九唔應
救護車,十字車
八字還沒一撇,十畫未有一撇
千挑萬選,千揀萬揀
千萬,千祈
不標準,半咸淡
混血兒,半唐番
半瓶醋,半桶水
四分之一決賽,半準決賽
不標準,半鹹淡
終於,卒之
醬豆腐,南乳
鑽空子,博懵
酥脆,卜卜脆
廂座兒,卡位
陣容,卡士
便裝短大衣,卡曲衫
小蓋章,印仔
懸得乎,危危乎
就是,即係
馬上,即刻
儘管,即管
撂挑子,卸膊
花邊,厘士
圓珠筆,原子筆
上街,去街
上馬,去馬
又這又那,又乜又物
求爺爺告奶奶,又跪又拜
小子,友仔
反悔,反口
頑皮,反斗
搗蛋鬼,反斗星
反而,反為
翻臉不認人,反轉豬肚就係屎
鬧翻,反面
忘恩負義,反骨
白眼兒狼,反骨仔
小叔子,叔仔
錄取,取錄
接受,受落
吃軟不吃硬,受軟唔受硬
嘴甜,口乖
自相矛盾,口同鼻拗
嘴唇,口唇
啞口無言,口啞啞
多嘴多舌,口多多
嘴嚴,口密
嘴把式,口水佬
嘮嘮叨叨的,口水多過茶
圍嘴兒,口水肩
沒胃口,口淡淡
嘴快,口疏
嘴硬,口硬
結結巴巴,口窒窒
零食,口立濕
有口氣,口臭
嘴巴花巧,口花花
故事,古仔
小混混,古惑仔
右方,右手邊
能幹,叻
合資,合伙
核桃,合桃
空房子,吉屋
墜子,吊嘴
揹帶褲,吊帶褲
吊胃口,吊癮
上吊,吊頸
打點滴,吊鹽水
同屋,同房
一口鍋裏吃飯,同撈同煲
名字,名
金槍魚,吞拿魚
嘬手指頭,吮手指
啃豬蹄兒,吮豬手
瞎說,吹水
泡泡糖,吹波糖
氣壞,吹脹
盯緊,吼實
找破綻,吼路
騙,呃
欺騙人,呃人
短秤,呃秤
領帶,呔
領帶夾子,呔夾
這一輩子,呢世人
這位,呢位
這個,呢個
這次,呢勻
這兒,呢度
這些日子,呢排
這次,呢次
這陣兒,呢輪
經常,周不時
全身,周身
一身麻煩,周身蟻
吃醋,呷醋
怨這怨那,呻呢呻嘮
哭窮,呻窮
吐苦水,呻笨
這,咁
碰巧,咁啱
這麼多,咁多
苦力,咕喱
臨時演員,咖喱啡
嗎,咩
麥克風,咪
不要吵,咪嘈
磨蹭,咪摸
啃書本,咪書
先別走,咪走住
不要動,咪郁
計程器,咪錶
別給我胡指,咪點我
講悄悄話,咬耳仔
名片,咭片
咳嗽,咳
咸鴨蛋,咸蛋
嘿嘿,哈哈
齙牙,哨牙
噎著,哽親
教唆,唆擺
口紅,唇膏
中式服裝,唐裝
不,唔
不用,唔使
不肯,唔制
不划算,唔化算
不沾邊兒,唔啦更
不但,唔單止
棒槌,唔在行
不落後,唔執輸
或多或少,唔多唔少
不過癮,唔夠喉
缺覺,唔夠訓
合不來,唔夾
快別這麼說,唔好咁講
很抱歉,唔好意思
不對勁兒,唔對路
少不了,唔少得
不得了,唔得掂
不在乎,唔志在
不服氣,唔忿氣
不瞞你說,唔怕話你知
怪不得,唔怪得
不愁,唔憂
不值得,唔抵
不行,唔掂
不幹,唔撈
不光是,唔止
不倫不類,唔湯唔水
大大咧咧,唔爹唔吊
沒出色,唔生性
愛搭不理,唔瞅唔睬
睡不醒,唔知醒
沒羞,唔知醜
沒用,唔等使
不經不覺,唔經唔覺
不經思考,唔經大腦
沒事兒,唔緊要
不耐用,唔襟
不見了一半,唔見一籮穀
不小心,唔覺意
沒留意,唔覺眼
謝謝,唔該
不論,唔論
難道,唔通
難道是,唔通係
不識趣,唔通氣
擠牙膏,唧牙膏
唱粵劇,唱大戲
換零錢,唱散紙
音樂節目主持人,唱片騎師
打小算盤,唸縮數
洋梨,啤梨
撲克,啤牌
臨終關懷,善終服務
嗓子,喉嚨
嗓子疼,喉嚨痛
小舌頭,喉嚨腚
急,喉急
喉結,喉核
哭,喊
眼淚包,喊包
呼天搶地,喊苦喊忽
單個兒,單丁
指雞罵狗,單單打打
單行線,單程路
橫格本,單行簿
自行車,單車
叫,嗌
吵架,嗌交
爭吵,嗌霎
享受,嘆世界
吵吵嚷嚷,嘈喧巴閉
吐奶,嘔奶
吐血,嘔血
商標,嘜頭
哎呀,嘩
嘴刁,嘴尖
踫一鼻子灰,噴一面屁
嚇呆,嚇窒
嚇著了,嚇親
來真格,嚟真
了,囉
屁股,囉柚
四周,四周圍
四處奔波,四圍笛
到處走,四圍走
方正,四正
回扣,回佣
退款,回水
小心,因住
順應,因應
國字臉,國字口面
拖把,地拖
地毯,地氈
地窖,地牢
房地產,地產
工地,地盤
地頭蛇,地膽
地頭蛇,地頭蟲
地毯,地
均勻,均存
坐下,坐低
同坐一條船,坐埋一條船
被罰停賽,坐波監
坐牢,坐監
坐食山空,坐食山崩
溝渠,坑渠
地溝油,坑渠油
簸箕,垃圾鏟
帥哥,型仔
合,埋
就座,埋位
裡面,埋便
結賬,埋單
收尾,埋尾
靠岸,埋岸
結帳,埋數
勾芡,埋芡
靠岸,埋頭
撿,執
撿到好東西,執到寶
捲舖蓋,執包袱
撿垃圾,執垃圾
排字,執字粒
整理屋子,執屋
收拾床舖,執床
收拾房間,執房
擦屁股,執手尾
收拾,執拾
撿現成兒,執死雞
應變,執生
倒閉,執笠
走運,執翻身彩
抓藥,執藥
疊被子,執被
撿起,執起
吃虧,執輸
堂姐,堂家姐
堂弟,堂細佬
堂妹,堂細妹
真消息,堅料
蒿子杆兒,塘蒿
堵車,塞車
償命,填命
去火,墜火
綱筆,墨水筆
小店,士多
草莓,士多啤梨
儲物間,士多房
扳手,士巴拿
手杖,士的
岳母,外母
岳母,外母
外地人,外江佬
岳父,外父
岳父,外父
棒槌,外行
外面,外邊
烤箱,多士爐
心眼兒多,多心
比你多,多過你
多退少補,多除少補
舊貨商店,夜冷店
夜裡,夜晚黑
包夜,夜蒲
夜貓子,夜鬼
齊了,夠晒數
足夠有餘,夠有凸
夠錢,夠水頭
夠格,夠班
到點,夠鐘
大塊兒,大件
哥哥,大佬
解僱信,大信封
汽燈,大光燈
大減價,大出血
命大,大命
孩子氣,大唔透
陣容鼎盛,大堆頭
少說,大大話話
媒婆,大妗姐
大姑姑,大姑奶
大主顧,大客仔
大後天,大後日
糊塗,大懵
粵劇,大戲
有的是,大把
當舖,大押
挺不少的,大拿拿
路攤子,大排檔
大換班,大換血
大模大樣,大模斯樣
賭攤兒,大檔
二百五,大泡和
吹牛大王,大炮友
臼齒,大牙
大律師,大狀
大號,大碼
大象,大笨象
大人物,大粒佬
紅得發紫,大紅大紫
厚此薄彼,大細超
風馬牛不相及,大纜都扯唔埋
放高利貸,大耳窿
手提擴音器,大聲公
擺譜兒,大肆鋪張
懷孕,大肚
孕婦,大肚婆
大肚子,大肚腩
亂花錢,大花筒
大衣,大褸
黃豆芽,大豆芽
土氣,大鄉里
大麻煩,大鑊
大鍋飯,大鑊飯
大排場,大陣仗
壯實,大隻
大塊頭,大隻佬
光說不做,大隻講
牛高馬大,大隻騾騾
馬大哈,大頭蝦
快艇,大飛
好吃懶做,大食懶
馬來西亞,大馬
大手大腳,大駛
大腿,大髀
天亮,天光
天氣,天口
曬台,天台
曬台,天棚
天邊,天腳底
天花亂墜,天花龍鳳
緊急出口,太平門
宇航員,太空人
航天飛機,太空穿梭機
宇宙飛船,太空船
太,太過
墨鏡,太陽眼鏡
葫蘆,夫佬
冒失,失魂
冒失鬼,失魂魚
對嘴,夾口型
磨心,夾心人
強行,夾硬
保險箱,夾萬
湊錢,夾錢
調皮,奀皮
獼猴果,奇異果
乾媽,契媽
情夫,契家佬
情婦,契家婆
混蛋,契弟
乾爹,契爺
套間,套房
婆婆,奶奶
奶瓶,奶樽
奸詐,奸
賴皮,奸茅
耍賴,奸賴
好好地,好地地
車堵得很,好塞車
晴天,好天
幸好,好彩
心眼好,好心地
好心當作驢肝肺,好心著雷劈
好兆頭,好意頭
手藝好,好手勢
很划算,好抵買
很晚,好晏
景氣好,好景
好說話兒,好相與
驢糞球兒外面光,好眉好貌生沙虱
眼力好,好眼
好看,好睇
很久,好耐
很久沒見,好耐冇見
慢走,好聲行
真壞,好衰
暢銷,好賣
很漂亮,好靚
好吃懶做,好食懶飛
異想天開,妙想天開
姑父,姑丈
小姑子,姑仔
且不說,姑勿論
姑媽,姑姐
小姨妹,姨仔
磨蹭,姿整
神氣,威
威風,威水
討小老婆,娶二奶
奶奶,嬤嬤
生氣,嬲
嫩薑,子薑
大褲衩子,孖煙通
孿生,孖生
合睡,孖鋪
季末,季尾
吝嗇,孤寒
吝嗇鬼,孤寒種
背帶,孭帶
頂缸,孭飛
像你說的,學你話齋
學徒,學師仔
學生,學生哥
學車者,學神
學走路,學行
學步車,學行車
學駕駛,學車
小兒子,孻仔
小女兒,孻女
孖生兄弟,孿生兄弟
孖生女,孿生姊妹
守活寡,守生寡
盎司,安士
公立學校,官校
還是,定係
愣住了,定晒形
恨不得,宜得
麵包車,客貨車
夜宵,宵夜
家具,家俬
姐姐,家姐
家務,家頭細務
密談,密斟
局促,密質質
單身漢,寡佬
寡婦,寡母婆
結實,實淨
手都寫酸了,寫到手軟
保證,寫包單
寫毛筆字,寫大字
辦公桌,寫字台
辦公室,寫字樓
愜意,寫意
寬帶,寬頻
斜視眼,射喱眼
投籃,射籃
被,將
故意,專登
昨天,尋日
找樂子,尋開心
對面,對出
小肚雞腸,小器
小孩兒,小孩
一點兒,小小
公共小巴,小巴
疝氣,小腸氣
尖尖的,尖不甩
尖尖的,尖筆甩
方便,就手
方便,就腳
尺子,尺
尾巴,尾
末班車,尾班車
尾骨,尾龍骨
尿布,尿片
被迫,局住
偷渡,屈蛇
局促,屈質
房子,屋
家裏,屋企
房契,屋契
房租,屋租
屁股,屎忽
餿主意,屎橋
山坡兒,山坡
山洞,山窿
山麓,山腳
搶白,岔亂歌柄
仰起頭,岳高頭
哪壼不開提哪壼,崩口人忌崩口碗
起皺紋,巢
左思右想,左度右度
左方,左手邊
警察,差人
錯失,差池
踏空,差錯腳
警署,差館
百分之,巴仙
公車,巴士
潑辣,巴辣
了不起,巴閉
貝雷帽,巴黎帽
胡同,巷
李子,布冧
布丁,布甸
碎布,布碎
鮮貝,帶子
提攜,帶挈
光顧,幫襯
便宜,平
平信,平郵
除夕,年卅晚
年底,年尾
年初,年頭
細,幼
多少錢,幾多錢
說什麼也不幹,幾大都唔制
人挺好,幾好人
挺快的,幾快
何時,幾時
多久,幾耐
床墊,床褥
前科,底案
內衣,底衫
內褲,底褲
想辦法,度橋
借錢,度水
位子,座位
窩囊,廢柴
糟了,弊傢伙
弟媳婦兒,弟婦
批評,彈
彈簧床,彈弓床
筋道兒,彈牙
影子,影
複印,影印
複印機,影印機
拍照,影相
替補,後備
後腦勺,後尾枕
後天,後日
小青年,後生仔
可怕,得人驚
一場空,得個吉
光說不做,得個講字
可愛,得意
得意,得戚
瞎吹,得把口
得手,得米
有空,得閒
康復,復康
胸針,心口針
心腸,心地
多心,心多
三心二意,心大心細
焦急,心急
死心,心息
掛著心,心掛掛
把心都玩兒野了,心散
耐心,心機
心意,心水
心灰意冷,心淡
煩躁,心火盛
鬧心,心翳
動心,心郁郁
奶油,忌廉
忙得喘不過氣來,忙到踢晒腳
文件夾,快勞
冷不丁兒,忽然間
害羞,怕醜
含羞草,怕醜草
迫不及待,急不及待
憋尿,急尿
匆匆,急急腳
急診室,急症室
責怪,怪責
奇怪,怪雞
襯衫,恤衫
想結婚,恨嫁
兇,惡
難忍,惡頂
兆頭,意頭
艾滋病,愛滋病
慌里慌張,慌失失
生怕,慌死
慢工出細活兒,慢工出細貨
習慣,慣
省事,慳功夫
節儉,慳家
能省就省,慳得就慳
省時省工,慳水慳力
省錢,慳皮
省錢,慳錢
省電,慳電
節能燈泡,慳電膽
恨,憎
答應,應承
應景兒,應節
糊塗蟲,懵查查
懵懵懂懂,懵盛盛
便鞋,懶佬鞋
愛搭不理,懶理
瞌睡蟲,懶瞓豬
傻裡傻氣的,戇居居
一輩子,成世
一輩子,成世人
整天,成日
老是,成日都
整個早上,成朝
我們,我哋
我先走,我走先
忌口,戒口
斷奶,戒奶
伴郎,戥穿石
攔出租車,截的士
高潮,戲肉
電影院,戲院
屋,房
小轎車,房車
扇子,扇
禮物,手信
手藝高,手勢好
手帕,手巾仔
手銬,手扣
手提籃,手抽
大拇指,手指公
小拇指,手指尾
胳膊肘朝外扭,手指拗出唔拗入
指紋,手指模
手指縫,手指罅
筆記本,手提電腦
手機,手提電話
手掌,手板
胳膊,手瓜
手發麻,手痹
手氣,手神
手頭緊,手緊
胳膊,手臂
手提包,手袋
手套,手袜
手套,手襪
肘子,手踭
手鐲,手鈪
驚醒,扎醒
超車,扒頭
划龍船,扒龍舟
打噴嚏,打乞嚏
打架,打交
打倒,打低
發抖,打冷震
打鉤兒,打剔
練武術,打功夫
保證,打包單
繫領帶,打呔
打平手,打和
佔線了,打唔通
打哈欠,打喊路
勒索,打單
打嗝兒,打噎
病秧子,打壞
成雙,打孖
唸完經趕和尚,打完齋唔要和尚
插隊,打尖
做工,打工
打嗝兒,打思噎
揩油,打斧頭
壞掉了,打柴
打電子遊戲,打機
豁出命,打死罷就
打球,打波
繫領結,打煲呔
打碎,打爛
打破砂鍋問到底,打爛砂盆問到篤
丟飯碗,打爛飯碗
聞聊,打牙骹
照料,打理
打孔機,打窿機
打印存摺,打簿
打馬虎眼,打茅波
偷錢包,打荷包
順杆爬,打蛇隨棍上
繞成一圈兒一圈兒的,打蛇餅
翻跟頭,打觔斗
赤腳,打赤腳
涮鍋子,打邊爐
提起精神,打醒精神
注射證明,打針紙
敲鑼,打鑼
翻筋斗,打關斗
碎催,打雜
釘鞋釘,打鞋碼
蕩鞦韆,打韆鞦
打頭炮,打頭陣
颳颱風,打風
鐵著呢,打風都打唔甩
拿權,打骰
打麻將,打麻雀
打呼嚕,打鼻寒
打呼嚕,打鼻鼾
唸經超渡,打齋
串通,打龍通
拍馬屁,托大腳
攔胳膊,托手踭
攔胳膊,托手踭
托福,托賴
別針兒,扣針
鬧彆扭,扭計
打扮,扮
裝模作樣,扮代表
披著羊皮吃羊,扮豬食老虎
裝蒜,扮野
擺闊,扮闊佬
打扮,扮靚
拔河,扯大纜
發火,扯火
提線木偶,扯線公仔
哮喘,扯蝦
演雙簧,扯貓尾
打呼嚕,扯鼻寒
自動扶梯,扶手電梯
削,批
削皮,批皮
付款,找數
有屁用,把屁
有把握,把炮
切脈,把脈
有甚麼用,把鬼
或者,抑或
歇會兒,抖吓
歇口氣,抖啖氣
造孽,折墮
折扣,折頭
划算,抵
活該,抵你死
很划算,抵到爛
值得嗎,抵唔抵
經得起,抵得
活該,抵死
划算,抵買
拖地板,抹地
抹桌子,抹枱
抹布,抹枱布
擦窗戶,抹窗
提,抽
抽空,抽時間
換氣扇,抽氣扇
除濕機,抽濕機
挑眼,抽秤
拆房子,拆樓
拆伙,拆檔
截長補短,拉上補下
抓人,拉人
平均,拉勻
捲尺,拉尺
完蛋,拉柴
掉書袋,拋書包
嚇唬,拋浪頭
攝影愛好者,拍友
談戀愛,拍拖
搭檔,拍檔
情人,拖友
接線板,拖板
奶油太妃糖,拖肥
掰腕子,拗手瓜
腳崴了,拗柴
慪氣,拗氣
抬槓,拗頸
刺兒頭,招積
商標紙,招紙
掃墓,拜山
扎傷,拮親
指甲刀,指甲鉗
點撥,指點
抵押,按揭
押瓶,按樽
押金,按金
熬日子,挨世界
傍晚,挨晚
提鞋,挽鞋
抓,捉
摳字眼兒,捉字虱
下棋,捉棋
抓辮子,捉痛腳
抓老鼠,捉老鼠
抓賊,捉賊
獻血,捐血
熬日子,捱世界
受不了,捱唔住
熬夜,捱夜
熬夜,捱更抵夜
拼死拼活,捱生捱死
做牛馬,捱騾仔
掃帚,掃把
俯臥撐,掌上壓
排大隊,排長龍
霸道,掗拃
挖,掘
挖井,掘井
死胡同,掘頭巷
死胡同,掘頭路
惦記,掛住
名義上,掛名
扔,掟
扔球,掟波
吹了,掟煲
刮削,掠水
串門兒,探朋友
量體溫,探熱
體溫計,探熱針
開關,掣
挑,揀
挑吃揀喝,揀飲擇食
葡萄,提子
葡萄乾,提子乾
取款單,提款單
插座,插蘇
插頭,插蘇頭
佔便宜,揩油
擦壞,揩花
揭曉,揭盅
春聯,揮春
壞朋友,損友
拼命,搏命
佔便宜,搏懵
不想工作,搏炒
拼盡,搏盡
蹺蹺板,搖搖板
鬧事,搞事
捅個大婁子,搞出個大頭佛
完事兒,搞掂
起哄,搞搞震
弄錯,搞錯
捏,搣
剝皮,搣皮
掰開,搣開
搬家,搬屋
乘,搭
拼桌,搭台
捎帶,搭單
插嘴,搭嘴
拼桌,搭檯
乘車,搭車
串線,搭錯線
找,搵
騙人,搵丁
找不著,搵唔到
抄肥,搵外快
找工作,搵工
被騙了,搵笨
佔便宜,搵著數
掙錢,搵銀
掙錢,搵錢
謀生,搵食
暢銷,搶手
招眼,搶眼
奪目,搶鏡
塗抹,搽
搧,摑
葵花子兒,摩登瓜子
吃閉門羹,摸門釘
折椅,摺櫈
疊被子,摺被
潲雨,撇雨
串地盤,撈過界
拌飯,撈飯
拌麵,撈麵
支持,撐
划船,撐艇
插嘴,撘嗲
拿手,撚手
碰巧,撞啱
碰運氣,撞彩
碰手氣,撞手神
碰壁,撞板
成功少碰壁多,撞板多過食飯
耳背,撞聾
見鬼,撞鬼
搧扇子,撥扇
惹事生非,撩事鬥非
逗女孩子,撩女仔
掏耳朵,撩耳仔
籌錢,撲水
奔票,撲飛
摔,撻
攀,擒
爬高,擒高
東張西望,擔天望地
叉一字腿,擘一字馬
睜大眼睛,擘大隻眼
掰開,擘開
撕破臉,擘面
擁擠,擠擁
擁擠,擠迫
擦傷,擦損
刷牙,擦牙
橡皮擦,擦膠
擲骰子,擲骰仔
擺攤兒,擺檔
擺架子,擺款
弄錯,擺烏龍
擺姿勢,擺甫士
設宴,擺酒
磁石,攝石
曲里拐彎,攣弓蝦米
晾涼,攤凍
攤子,攤檔
鬧事兒,攪事
弄勻和,攪勻
弄不了,攪唔掂
搗蛋者,攪屎棍
弄得好,攪得掂
行了,攪掂
搗亂,攪攪震
摟緊,攬實
收藏,收埋
下班,收工
住手,收手
收據,收條
招生,收生
掛上了,收線
住嘴,收聲
掐腰兒,收腰
打烊,收舖
收舊貨的,收買佬
收款員,收銀員
批改功課,改簿
嗆鼻子,攻鼻
下班,放工
放高利貸,放數
出獄,放監
放風箏,放紙鳶
放風箏,放紙鷂
放風,放聲氣
放心,放膽
放鴿子,放飛機
打棍子,政治迫害
過敏,敏感
救護車,救傷車
救活,救返
出點子,教路
零錢,散子
零錢包,散子包
零時工,散工
零錢,散紙
零錢,散銀
裝神弄鬼,整古做怪
捉弄,整蠱
弄傷,整親
弄幾道菜,整返幾味
尾數,數尾
數字電視,數碼電視
挎包,斜孭袋
斜坡,斜路
倒茶,斟茶
買滷菜,斬料
殺頭,斬頭
兒媳婦,新抱
元旦,新曆新年
前衛,新潮
瞎猜,斷估
了結,斷尾
斷檔,斷市
白麵包,方包
於是,於是乎
行李箱,旅行喼
旅遊車,旅遊巴
大天白日,日光日白
天天,日日
日夜盼望,日望夜望
白天,日頭
晚安,早抖
熱鬧,旺場
好說話,易話為
易如反掌,易過借火
小胡鬧,星君仔
洗滌槽,星盤
隨便,是但
有時候,時不時
亮底牌,晒冷
炫耀,晒命
尺碼,晒士
晚輩兒,晚輩
晨操,晨運
暈乎乎,暈佗佗
暈頭轉向,暈晒大浪
暈機,暈機浪
暈船,暈船浪
暈車,暈車浪
暈菜,暈陀陀
保溫瓶,暖水壼
暖烘烘的,暖笠笠
換零票,暢散紙
亮底牌,曬冷
沖洗照片,曬相
差,曳
月亮,月光
月底,月尾
月初,月頭
有個三長兩短,有乜冬瓜豆腐
可以成交,有交易
有兩下子,有兩手
有數兒,有分數
講信用,有口齒
帥,有型
很是樣兒,有型有款
能有幾回,有幾何
能有幾回,有幾可
照樣兒學,有樣學樣
好苗子,有潛質
不管那麼多,有理冇理
有餘,有突
夠哥們兒意思,有義氣
有老有嫩,有老有少
有骨氣,有腰骨
有門路,有路數
有孕,有身己
大款,有錢佬
虎頭蛇尾,有頭威冇尾陣
有口福,有食神
聽天由命,望天打卦
糊里糊塗,朦茶茶
木頭,木
木製家俬,木家俬
木訥,木獨
臭蟲,木虱
沒有,未
沒學爬就學走,未學行先學走
還不行,未得住
早著呢,未有耐
巧克力,朱古力
打蟲子,杜蟲
枸杞子,杞子
杯子,杯
杯柄,杯耳
方便麵,杯麵
稠粥,杰粥
辦法,板斧
果醬,果占
水果行,果欄
的,架
訂單,柯打
柱石,柱躉
木柴,柴
喊倒好兒,柴台
柿子,柿
校服外衣,校褸
審計師,核數師
噁心,核突
底子,根底
桃子,桃
梯子,梯
梳子,梳
沙發,梳化
蘇打,梳打
梳髮髻,梳髻
棉襖,棉衲
棉大衣,棉褸
棍子,棍
手動檔,棍波
說相聲,棟篤笑
忌諱,棹忌
坐墊,椅墊
椰子塔,椰撻
卷心菜,椰菜
菜花兒,椰菜花
房價,樓價
樓房,樓宇
期房,樓花
出冷汗,標冷汗
綁票兒,標參
冒汗,標汗
出眾,標青
樹枝兒,樹枝
瓶子,樽
情節,橋段
橋墩,橋躉
橙子,橙
飛行員,機師
機電室,機房
橡皮筋,橡筋
盲腸,橫丫腸
橫豎要死的,橫又死掂又死
橫豎,橫掂
背街小巷,橫街窄巷
風雨橫掃,橫風橫雨
壁虎,檐蛇
攤子,檔口
桌子,檯
桌布,檯布
桌椅柀凳,檯檯凳凳
桌球,檯波
檸檬可樂,檸樂
檸檬茶,檸茶
抽屜,櫃桶
柿子揀軟的捏,欺善怕惡
歌曲,歌仔
享清福,歎世界
喜歡,歡喜
止損,止蝕
剛才,正話
首發,正選
好東西,正野
年齡不饒人,歲月不饒人
死鬼,死人頭
死鬼,死佬
死皮賴臉,死唔要面
省吃儉用,死慳死抵
嘴硬,死撐
半死,死死下
拋錨,死火
板板六十四,死牛一便頸
死定了,死硬
軟磨硬泡,死纏爛打
鴨子死了嘴還硬,死雞撐飯蓋
殘疾,殘障
比基尼,比堅尼
毛線,毛冷
起雞皮疙瘩,毛管戙
力氣,氣力
窩火,氣頂
水管兒,水喉
自來水,水喉水
水管,水喉通
鐵水管,水喉鐵
水庫,水塘
雨刷器,水撥
水瓶兒,水樽
水坑,水氹
跳進黃河也洗不清,水洗都唔清
水淹,水浸
迫在眉睫,水浸眼眉
合不來,水溝油
水壺,水煲
差勁,水皮
水垢,水積
錢不夠用,水緊
地線,水線
路費,水腳
嫩豆腐,水豆腐
雨靴,水靴
雨鞋,水鞋
甲魚,水魚
隨便,求其
骯髒,污糟
骯裡骯髒,污糟邋遢
洗澡,沖涼
浴室,沖涼房
泡茶,沖茶
啞,沙
愛出風頭,沙塵
警官,沙展
沙拉,沙律
沙坑,沙池
砂鍋,沙煲
柚子,沙田柚
沙丁魚,沙甸魚
沙蚤,沙虱
沙河粉,河粉
油炸食品,油器
牛油多士,油多
輕柴油,油渣
油條,油炸鬼
油汪汪的,油稔稔
停車,泊車
發酵粉,泡打粉
球,波
球場,波地
滾珠,波子
球衣,波恤
球拍子,波板
棒糖,波板糖
變速桿,波棍
變速箱,波箱
球衣,波衫
運動鞋,波鞋
泥水匠,泥水佬
泥潭,泥氹
土路,泥路
運泥車,泥頭車
游泳衣,泳衣
游泳褲,泳褲
保險桿,泵把
打氣,泵氣
洋房,洋樓
摘帽子,洗底
洗澡,洗白白
洗衣粉,洗粉
洗衣店,洗衣舖
洗衣服,洗衫
洗臉,洗面
洗髮水,洗頭水
分發,派
送信,派信
發紅包,派利是
分票,派飛
浪花兒,浪花
浴盆,浴缸
海產,海味
海洛因,海洛英
海濱,海皮
泡溫泉,浸溫泉
涼颼颼,涼浸浸
涼快,涼爽
苦瓜,涼瓜
清涼茶,涼茶
害怕,淆底
澆花,淋花
鎮定,淡定
燙,淥
燙熟,淥熟
光是,淨係
只有,淨得
素色,淨色
挑剔,淹尖
敗火,清熱氣
輸光,清袋
差勁,渣斗
港幣,港紙
暢銷,渴市
游泳,游水
帶孩子,湊仔
照料孩子,湊細路
湯圓,湯丸
醫藥費,湯藥費
半決賽,準決賽
溫習,溫書
化,溶
消防水龍,滅火喉
慢悠悠,滋油
光滑,滑溜
滯銷,滯市
打攪了,滾攪哂
開水,滾水
火燒火撩,滾水淥腳
潽了,滾瀉
和了滿貫,滿糊
油漆,漆油
漆包線,漆皮線
結結巴巴,漏口
結巴,漏口佬
連夜,漏夜
連環畫,漫畫書
氣炸了,激到爆
氣壞了,激死我
生氣,激氣
嗆著,濁親
零碎,濕星
小意思,濕濕碎
濕漉漉,濕立立
交流電,濕電
尿床,瀨尿
打火機,火機
煤油,火水
煤油爐,火水爐
憤怒,火滾
火災,火燭
消防車,火燭車
變壓器,火牛
酒精,火酒
保險絲,灰士
燜,炆
鬧翻鍋,炒大鑊
解僱,炒魷魚
降職,炖冬菇
引柴,炭精
鞭炮,炮仗
火性子,炮仗頸
爆竹,炮杖
為甚麼,為乜
饞嘴,為食
彎腰,烏低身
糊里糊塗,烏啄啄
一塌糊塗,烏喱單刀
蒼蠅,烏蠅
桑那浴,焗桑拿
悶熱,焗熱
烤爐,焗爐
不知所謂,無厘頭
沒心情,無心機
平白無故,無端白事
無緣無故,無端端
犯不上,無謂啦
煉乳,煉奶
烙餅,煎餅
香煙,煙仔
煙鬼,煙鏟
這樣看來,照咁睇
照理說,照計
照方抓藥,照辦煮碗
炒菜,煮菜
做飯,煮飯
下麵,煮麵
鍋,煲
砂鍋飯,煲仔飯
做無米炊,煲冇米粥
普通話,煲冬瓜
蝴蝶領結,煲呔
燒水,煲水
熬湯,煲湯
熬粥,煲粥
熬藥,煲藥
關燈,熄燈
面熟,熟口面
老主顧,熟客仔
內行,熟行
上火,熱氣
電熱爐,熱水爐
痱子,熱痱
太陽,熱頭
柿子椒,燈籠椒
電燈泡,燈膽
燒烤,燒0野食
放鞭炮,燒炮仗
烤肉,燒肉
烤鴨,燒鴨
烤鵝,燒鵝
熨衣服,燙衫
繃著臉,燶起塊面
燻肘子,燻蹄
出冷門,爆冷
車胎放炮,爆呔
兜底兒,爆大鑊
滿滿當當,爆棚
現編,爆肚
腦溢血,爆血管
爆玉米花,爆谷
癮頭大,爛癮
賭鬼,爛賭鬼
爽快,爽手
直爽,爽直
執照費,牌費
齒,牙
嘴巴厲害,牙尖嘴利
牙垢,牙屎
牙刷,牙擦
臭吹,牙擦擦
危險,牙煙
牙縫兒,牙罅
牙齦,牙肉
牙關,牙骹
牛蹄筋,牛孖筋
牛排,牛扒
黃油,牛油
野蠻,牛精
牛雜碎,牛雜
特別,特登
厲害,犀利
狗血噴頭,狗血淋頭
兇狠,狼胎
石頭剪刀布,猜呈尋
猜拳,猜枚
急,猴擒
獅子,獅
孤寡老人,獨居老人
玉鐲,玉鈪
單身漢,王老五
打撲克,玩啤牌
鬧新房,玩新人
玩沙子,玩泥沙
玩個夠,玩餐飽
變魔術,玩魔術
薄煎餅,班戟
課室,班房
搬救兵,班馬
球賽裁判員,球證
乾貝,瑤柱
瓜子兒,瓜子
砂鍋,瓦煲
大砂鍋,瓦罉
瓦楞紙,瓦通紙
甜食,甜品
甜膩膩,甜耶耶
扎啤,生啤
妄口巴舌,生安白造
爭氣,生性
淡醬油,生抽
活招牌,生招牌
水果,生果
水果攤兒,生果檔
活生生,生歐歐
生痱子,生熱痱
長口瘡,生飛滋
詼諧,生鬼
黑魚,生魚
爽約,甩底
吹了,甩拖
掉牙,甩牙
脫皮,甩皮
褪色,甩色
脫身,甩身
脫臼,甩較
隨便它,由得佢
蟑螂,甲由
爺們兒,男子漢
用心,畀心機
給錢,畀錢
賞臉,畀面
留下,留低
牲畜,畜牲
搖攤,番攤
肥皂,番梘
西紅柿,番茄
洋相,異相
值班,當值
當場,當堂
當警察,當差
值班,當更
遭殃,當災
顯眼,當眼
天之嬌子,當紅炸子雞
全神貫注,疊埋心水
有錢,疊水
舒暢,疏乎
愛鍚,疼愛
腮線炎,痄腮
老病號,病君
病秧子,病貓
癢,痕
痰盂,痰罐
發麻,痹
窘,瘀皮
瘋子,瘋佬
瘋子,癲佬
瘋女人,癲婆
相稱,登對
發獃,發吽哣
發牢騷,發嘮嘈
做夢,發夢
發騷,發姣
生氣,發嬲
泡沫塑料,發泡膠
狂熱者,發燒友
撒野,發爛渣
抓狂,發癲
作白日夢,發白日夢
發羊角風,發羊吊
說夢話,發開口夢
你瞎了,發雞盲
白忙活,白做
白手起家,白手興家
白切雞,白斬雞
白晰,白淨
小白菜,白菜仔
救護車,白車
白皚皚,白雪雪
文職人員,白領
勢利眼,白鴿眼
雪上加霜,百上加斤
淘氣,百厭
萬用,百搭
蜈蚣,百足
出租車,的士
迪斯科,的士高
鬢角,的水
小巧,的骰
皮箱,皮喼
毛皮大衣,皮草
松花蛋,皮蛋
皮大衣,皮褸
開銷,皮費
皺紋紙,皺紙
白搭,盞搞
班房,監倉
囚犯,監犯
囚犯,監躉
瞎子,盲公
筆直,直不甩
直溜溜的,直筆甩
直性子,直腸直肚
連衣裙,直身裙
根本,直頭
底片,相底
相親,相睇
眉毛,眉
大廈管理員,看更
眼睛,眼
心煩,眼冤
眼神兒,眼力
眼梢,眼尾
麥粒腫,眼挑針
眼淚汪汪的,眼濕濕
眼巴巴地,眼白白
眼皮兒,眼皮
眉毛,眼眉
眼饞,眼紅
發睏,眼訓
瞪眼珠子,眼超超
口大喉嚨小,眼闊肚窄
看,睇
看情況,睇下點
看透,睇化
走著瞧,睇吓點
看不懂,睇唔明
看不清楚,睇唔清楚
想不開,睇唔開
想不開,睇唔開
看報,睇報紙
看粵劇,睇大戲
把關,睇實
小看,睇小
恐怕,睇怕
看電影,睇戲
結賬,睇數
閱讀,睇書
觀風,睇水
看球賽,睇波
看淡,睇淡
算命,睇相
看門診,睇街症
門兒清,睇通睇透
看病,睇醫生
想開一點,睇開啲
看法,睇頭
看風水,睇風水
臥室,睡房
理,睬
打瞌睡,瞌眼訓
知道,知
機伶,知機
茄子,矮瓜
水泥,石屎
卵石,石春
台階,石級
鍋碗瓢盆兒,砂煲罌罉
拼圖,砌圖
扣帽子,砌生豬肉
搭積木,砌積木
案板,砧板
爛,破
硬朗,硬淨
堅強,硬頸
瞪著眼,碌大隻眼
雙層床,碌架床
柚子,碌柚
碎得很,碎濕濕
零票兒,碎紙
盤子,碟
份兒飯,碟頭飯
磁盤,磁碟
給錢,磅水
磚,磚頭
祖宗牌位,神主牌
香案,神枱
古里古怪,神神化化
票根兒,票尾
售票記錄,票房記錄
衣字旁,禮衣邊
私用車,私家車
私房錢,私己
隱私,私隱
領班,科文
給錢,科水
賺外快,秘撈
租房子,租樓
稻子,稻
航空信,空郵
虧空公款,穿櫃桶
露餡兒,穿煲
噎人家,窒人
處處針對,窒頭窒勢
窗戶,窗
窗戶,窗口
窗戶,窗門
窮光蛋,窮鬼
窟窿,窿
旮旮旯旯,窿窿罅罅
門路,窿路
雜亂,立立亂
筍雞,童子雞
竹子,竹
竹字頭,竹花頭
笑得打跌,笑到轆地
咧著嘴笑,笑口噬噬
開口笑,笑口棗
笑掉大牙,笑甩棚牙
笛子,笛
蒙混過關,符碌
蹦極,笨豬跳
別的,第二樣
最後,第尾
改天,第日
以後,第時
下次,第次
筆尖兒,筆嘴
等位子,等位
等到脖子都酸,等到頸都長
等不及,等唔切
竹筍,筍
沙發墊,箍臣
拉倒,算數
鐵公雞,算死草
箭頭兒,箭嘴
毛瓜,節瓜
打桌球,篤波
戳穿,篤爆
打小報告,篤背脊
篩子,篩
本子,簿
次貨,籮底橙
米花糖,米通
粉筆刷,粉刷
小疙瘩,粉刺
板擦,粉擦
一聲不吭,粒聲唔出
笨活兒,粗重工夫
玉米,粟米
稀飯,粥
精神抖擻,精神爽利
甜疙瘩,糖不甩
甜食店,糖水舖
工資單,糧單
湊一塊兒,約埋一齊
大約,約莫
英泥,紅毛泥
紅彤彤,紅當當
胡蘿蔔,紅蘿蔔
扣眼兒,紐門
匯率,紙水
馬賽克,紙皮石
風箏,紙鷂
檔次,級數
吃力,索氣
壞事兒,累事
小,細
最小的兒子,細仔
弟弟,細佬
最小的女兒,細女
妹妹,細妹
小號,細碼
膽小,細膽
小碗餛飩麵,細蓉
小孩兒,細蚊仔
小孩,細路
小男孩,細路仔
小女孩,細路女
吉他,結他
絕活兒,絕技
絕活兒,絕招
呢大衣,絨褸
螺絲帽,絲帽
已經,經已
經紀人,經紀
綠豆粥,綠豆沙
維生素,維他命
要緊,緊要
節骨眼兒,緊要關頭
桃色新聞,緋聞
眼線,線眼
繫鞋帶,縛鞋帶
抽水,縮水
當逃兵,縮沙
自私,縮骨
摺疊傘,縮骨遮
大閘,總掣
絞絲旁,繑絲邊
編毛衣,織冷衫
繩子,繩
小缽糕,缽仔糕
缽兒,缽頭
縫兒,罅
罰款,罰錢
算了,罷就
山羊鬍子,羊咩鬚
丟人現眼,羞家
社會志願服務者,義工
羽絨外衣,羽絨褸
悶熱,翳熱
復活,翻生
颳風,翻風
邊鋒,翼鋒
安老院,老人院
丈夫,老公
騙子,老千
老朋友,老友
土氣,老土
老頭子,老坑
老處女,老姑婆
妻子,老婆
鎮定,老定
老糊塗,老懵董
濃醬油,老抽
老闆,老板
老油子,老油條
汗垢,老泥
公公,老爺
老成,老積
老闆,老細
表親,老表
冤大頭,老襯
父親,老豆
老馬失蹄,老貓燒鬚
考駕照,考牌
問住了,考起
考駕照,考車牌
現在,而家
打太極,耍太極
久不久,耐唔耐
耳朵,耳仔
耳根子軟,耳仔軟
耳垢,耳屎
耳挖子,耳挖
耳垂,耳珠
耳孔,耳窿
耳機,耳筒
垂下頭,耷低頭
垂頭喪氣,耷頭耷腦
惡聲惡氣,聲大夾惡
錄音帶,聲帶
消息,聲氣
音色,聲線
聽音樂,聽歌
話筒,聽筒
肉丸子,肉丸
肉票兒,肉參
肉攤兒,肉檔
肉丁,肉粒
緊張,肉緊
心疼,肉赤
難看,肉酸
肉餅子,肉餅
肚子疼,肚痛
拉肚子,肚痾
小肚子,肚腩
餓,肚餓
胖,肥
胖子,肥仔
胖子,肥佬
胖女人,肥婆
肥頭大耳,肥屍大隻
胖胖的,肥肥地
又白又胖,肥肥白白
油膩,肥膩
肺結核,肺癆
胃疼,胃痛
背包,背囊
仰泳,背泳
默寫,背默
胳肢窩,胳肋底
胸罩,胸圍
脫銷,脫市
和善,腍善
油皮,腐皮
腳剎車,腳掣
腳掌,腳板
腳掌,腳板底
腿肚子,腳瓜
腿肚子,腳瓜瓤
腳趾甲,腳甲
腳發麻,腳痹
腿麻,腳痺
腳脖子,腳眼
腳拇趾,腳趾公
腳小趾,腳趾尾
腳蹬,腳踏
腳跟,腳踭
腳背,腳面
腿力,腳骨力
肩膀,膊頭
膝蓋,膝頭
塑膠刀,膠刀
塑膠叉,膠叉
膠管子,膠喉
塑料拖鞋,膠拖
塑料杯,膠杯
膠紙,膠紙
塑膠袋,膠袋
膽大包天,膽生毛
香腸,臘腸
臨時演員,臨記
自然,自不然
自動檔,自動波
自己人,自己友
自慰,自瀆
任意球,自由球
從小,自細
自然而然,自自然然
樟腦丸,臭丸
臭哄哄的,臭崩崩
狐臭,臭狐
舅舅,舅父
舊同志,舊人
去年,舊年
以前,舊底
以前,舊陣時
商店,舖頭
小船,艇仔
顏色,色
顏色,色水
奶酪,芝士
芥蘭菜,芥蘭
芥末,芥辣
香菜,芫荽
花兒,花
小花童,花仔
小花童,花仔花女
虛假,花假
花骨朵,花冧
外號,花名
花哩胡哨,花哩碌
花市,花墟
凡士林,花士令
小花童,花女
洋參,花旗參
花瓶,花樽
花色,花款
蓮蓬頭,花灑
園丁,花王
花盆兒,花盆
花籃兒,花籃
獎金,花紅
禮品紙,花紙
花樣,花臣
花裙兒,花裙
奶油小生,花靚仔
如果,若果
繃著臉,苦瓜乾
開司米,茄士咩
西紅柿汁,茄汁
茅坑,茅廁
袋泡茶,茶包
醬瓜,茶瓜
酒飯錢,茶錢
破爛不堪,茸茸爛爛
草坪,草披
平民階層,草根階層
草頭兒,草花頭
蚱蜢,草蜢
錢包,荷包
豌豆,荷蘭豆
好萊塢,荷里活
乾菜,菜乾
蔬菜行,菜欄
蘿蔔乾兒,菜甫
膝蓋骨,菠蘿蓋
膠卷兒,菲林
曲別針,萬字夾
墮胎,落仔
賣力,落力
下去,落去
點菜,落單
下課,落堂
親力親為,落手落腳
憔悴,落晒形
下訂單,落柯打
下樓,落樓
下注,落注
停映,落畫
放糖,落糖
下船,落船
安葬,落葬
上街,落街
下車,落車
下雨,落雨
下雪,落雪
下冰雹,落雹
葉子,葉
好處,著數
穿鞋,著鞋
蒜泥,蒜蓉
泡吧,蒲吧
露臉了,蒲頭
破爛不堪,蓉蓉爛爛
藕,蓮藕
甘蔗,蔗
甘蔗汁,蔗汁
西紅柿,蕃茄
香蕉,蕉
迷路,蕩失路
薑泥,薑蓉
工資,薪水
土豆,薯仔
土豆兒燒雞,薯仔炆雞
演員,藝人
藥片,藥丸
中藥店,藥材舖
藥瓶,藥樽
過了這個村就沒這個店,蘇州過後冇艇搭
嬰兒,蘇蝦
嬰兒,蘇蝦仔
老虎,虎
蚊子,蚊
紗窗,蚊網
蟲牙,蛀牙
偷懶,蛇王
獐頭鼠目,蛇頭鼠眼
排叉兒,蛋散
蛋黃兒,蛋黃
月牙兒,蛾眉月
蛤蜊,蜆
蜂蜜,蜜糖
蜜蜂兒,蜜蜂
吃虧,蝕底
蝦塊,蝦碌
橫行霸道,蝦蝦霸霸
螢火蟲兒,螢火蟲
螃蟹,蟹
蟹黃,蟹膏
螃蟹殼,蟹蓋
螞蟻,蟻
蠔乾兒,蠔豉
笨,蠢
滑頭,蠱惑
走,行
走一趟,行一轉
過街天橋,行人天橋
人行道,行人路
先走,行先
不好使,行唔通
走好運,行好運
同行,行家
遠足,行山
徒步旅行者,行山友
人行山路,行山徑
走歪路,行差踏錯
逛花市,行花市
無所事事,行行企企
逛街,行街
走壞運,行衰運
走路,行路
走運,行運
打雷,行雷
打雷打閃,行雷閃電
街道,街
路口,街口
菜市場,街市
招貼,街招
外賬,街數
路燈,街燈
門診,街症
外線,街線
幹勁兒,衝勁
縫紉機,衣車
小上衣,衫仔
衣服縫邊,衫腳
袖子,衫袖
鈕扣,衫鈕
領子,衫領
霉到極,衰到貼地
壞蛋,衰神
壞事,衰野
壞傢伙,衰鬼
口袋,袋
袖子,袖
當冤大頭,被人搵老襯
被窩兒,被竇
被子套,被袋
鋪蓋,被鋪
裙子,裙
補償,補數
加班費,補水
補衣服,補衫
補救,補鑊
鞋匠,補鞋佬
使圈套,裝彈弓
盛湯,裝湯
裝糊塗,裝聾扮啞
盛飯,裝飯
克隆羊,複製羊
褥子,褥
倒車,褪車
褲子,褲
褲襠,褲浪
褲衩,褲頭
褲帶,褲頭帶
耐用,襟用
胸章,襟章
胸花兒,襟花
襪子,襪
襪口,襪頭
極匹配,襯到絕
外國人,西人
西曬,西斜
外國片兒,西片
西服,西裝
西裝畢挺,西裝骨骨
西點,西餅
應聘,見工
走著瞧,見步行步
見錢眼開,見錢開眼
出飯,見飯
睡覺覺,覺覺豬
犄角,角落頭
旁白,解畫
訂座,訂位
訂票,訂飛
算,計
點子,計仔
依我說,計我話
計算機,計數機
睡不著,訓唔著
落枕,訓戾頸
內存,記憶體
裝蒜,詐傻
撒嬌,詐嬌
裝病,詐病
裝模作樣,詐諦
嚐味兒,試味
試穿,試身
試衣室,試身室
說,話
不管你,話之你
吩咐,話低
很容易,話咁易
說不定,話唔定
話說回來,話時話
一點就通,話頭醒尾
糟糕,該煨
服輸,認低威
教室,課室
請客,請飲
笨手笨腳的,論盡
想,諗
想清楚,諗真
打小算盤,諗縮數
想法,諗頭
謙虛,謙
侃價,講價
講信用,講口齒
講故事,講古仔
說好了,講好左
說書人,講故佬
講課,講書
說走嘴,講漏嘴
開玩笑,講笑
絮絮叨叨,講耶穌
認識,識
識相,識做
會混,識撈
識破,識穿
會吃會喝,識飲識食
窩火兒,谷氣
豆子,豆
沙嗓子,豆沙喉
麻子,豆皮
砂鍋豆腐,豆腐煲
豆腐腦兒,豆腐膶
豆腐腦,豆腐花
豆芽兒,豆芽
豇豆,豆角
醬油,豉油
暴雨,豪雨
公豬,豬公
蠢豬,豬嘜
豬蹄兒,豬手
豬排,豬扒
狐朋狗黨,豬朋狗友
豬肝,豬潤
財源滾滾,豬籠入水
豬血,豬紅
豬蹄,豬腳
母豬,豬
豹子,豹
倉庫,貨倉
剩貨,貨尾
集裝箱,貨櫃
卡車,貨車
樣品,貨辦
圖方便,貪方便
愛美,貪靚
買房子,買屋
買房子,買樓
買東西,買野
懶得,費事
小費,貼士
賀年片,賀年咭
小偷,賊仔
賒賬,賒數
賣嘴,賣口乖
賣廣告,賣告白
賣房子,賣屋
賣房子,賣樓
下流,賤格
素質,質素
賭徒,賭仔
賭攤兒,賭檔
賭球,賭波
賴皮,賴貓
贖票兒,贖參
跑,走
捲逃,走佬
夾尾巴逃,走夾唔抖
錯失機會,走寶
賴帳,走數
鑽法律的空子,走法律罅
走來走去,走走笛笛
滾開,走開
錯過機會,走雞
逃難,走難
跑調,走音
漲價,起價
一個勁兒地跑,起勢咁走
蓋房子,起屋
揭老底,起底
蓋樓,起樓
發令槍,起步槍
起壞心,起痰
動筷子,起筷
上菜,起菜
交貨,起貨
起床,起身
熗鍋,起鑊
起雞皮疙瘩,起雞皮
剔骨頭,起骨
湊熱鬧,趁熱鬧
來不及,趕唔切
催命似的,趕頭趕命
一拐一拐,趷下趷下
看走眼,跌眼鏡
摔傷,跌親
瘸,跛
瘸腿,跛腳
瘸子,跛腳佬
接著,跟住
隨手,跟手
收拾爛攤子,跟手尾
勢利眼,跟紅頂白
看風頭,跟風
滑倒,跣低
門路,路數
路考,路試
換工作,跳槽
鬧情緒,跳草裙舞
跳健美操,跳韻律操
無尾夜禮服,踢死兔
踢足球,踢波
揭短兒,踢爆
溜冰,踩冰
騎自行車,踩單車
踏水,踩水
走鋼絲,踩鋼線
蹄子,蹄
家當,身家
汗流浹背,身水身汗
避,躲
車廂,車卡
櫻桃,車厘子
車胎,車呔
吹牛,車大炮
尾燈,車尾燈
駕駛執照,車牌
螺旋槳,車葉
縫衣服,車衫
車輪,車轆
車票,車飛
柔軟,軟熟
癩皮狗,軟皮蛇
剪刀,較剪
溜走,較腳
輪班,輪更
拿號兒,輪籌
輸個精光,輸清光
打賭,輸賭
滾,轆
刷卡,轆卡
改行,轉行
拐角兒,轉角位
倒車,轉車
回頭,轉頭
去腥,辟腥
春節,農曆新年
接近,近傍
上學,返學
學生鞋,返學鞋
回家,返屋企
上班,返工
回老家,返鄉下
逼,迫
摁扣兒,迫鈕
瘟瘟沌沌,迷迷糊糊
深呼吸,透大氣
升爐子,透爐
討紅包,逗利是
通書,通勝
傳小抄,通水
到處,通處
熬夜,通頂
剎車,逼力
擠車,逼車
遊歷,遊埠
遊船,遊艇
乘車兜風,遊車河
倒霉,運滯
繞道兒走,運路行
複寫紙,過底紙
較量,過招
轉賬,過數
過河拆橋,過橋抽板
過時,過氣
經手三分肥,過水濕腳
陣雨,過雲雨
過關,過骨
過頭,過龍
雨傘,遮
早晚,遲早
避諱,避忌
避風港,避風塘
還願,還神
誰,邊個
哪裏,邊度
哪種,邊樣
哪次,邊次
骯髒,邋遢
動手,郁手
郵遞員,郵差
倒挺好,都幾好
老家,鄉下
土包子,鄉下仔
酒窩,酒凹
酒罎子,酒埕
飯店,酒店
飯店,酒樓
酒糟鼻,酒渣鼻
樣品酒,酒辦
紅木,酸枝
醉漢,醉酒佬
醋罎子,醋埕
機靈,醒目
開胃口,醒胃
羞死人,醜死鬼
醫生證明,醫生紙
治病,醫病
還是,重係
還想,重想
還想怎樣,重想點
還有,重有
私生子,野仔
金子,金
告密者,金手指
黃花菜,金針菜
金魚兒,金魚
釘子,釘
甘蔗沒有兩頭甜,針無兩頭利
針線活兒,針黹
鉗子,鉗
自動鉛筆,鉛芯筆
剪刀,鉸剪
銀子,銀
硬幣,銀仔
錢包,銀包
鈔票,銀紙
警笛,銀雞
頭銜,銜頭
錄像,錄影
錄像機,錄影機
歪打正著,錯有錯著
親吻,鍚
喜歡,鍾意
鑰匙,鎖匙
鑰匙孔,鎖匙窿
鏡子,鏡
鏡框兒,鏡架
激光視盤,鐳射影碟
撬杠,鐵筆
鐵欄柵,鐵閘
鐵欄杆兒,鐵馬
鍋,鑊
鍋剷,鑊剷
火候,鑊氣
退休金,長俸
絮叨,長氣
門兒,門
門閂,門戌
門逢兒,門罅
門鈴,門鐘
關窗戶,閂窗
關門,閂門
躲躲閃閃,閃閃縮縮
發愁,閉翳
揭曉,開估
揭曉,開古
開發票,開單
開夜車,開夜
高興,開心
開業,開檔
發球,開波
敞篷車,開篷車
打傘,開遮
開拍,開鏡
輕易地,閑閑地
偶爾,間中
有時候,間唔中
尺子,間尺
房子,間屋
條紋,間條
間架,間隔
閣樓,閣仔
闊氣,闊佬
愛搭不理,闊佬懶理
寬銀幕,闊幕
寬敞,闊落
長柄大刀,關刀
礙手礙腳,阻手阻腳
佔地方,阻碇
外公,阿公
叔父,阿叔
哥哥,阿哥
妹妹,阿妹
外婆,阿婆
媽媽,阿媽
嫂嫂,阿嫂
嬸嬸,阿嬸
咕咕噥噥,阿支阿左
爸爸,阿爸
爺爺,阿爺
張三李四,阿豬阿狗
頭頭兒,阿頭
脫,除
摘眼鏡,除眼鏡
吃小虧佔大便宜,除笨有精
脫衣服,除衫
脫褲子,除褲
脫襪子,除襪
脫鞋,除鞋
暗害人,陰人
柔勁,陰力
可憐,陰功
陰險,陰濕
小聲小氣,陰聲細氣
偷笑,陰陰笑
地板磚,階磚
隔壁,隔籬
左右四鄰,隔籬鄰舍
隔壁,隔離
一手遮天,隻手遮天
單打獨鬥,隻揪
睜一隻眼閉一隻眼,隻眼開隻眼閉
大雁,雁
二鍋頭,雙蒸酒
兩面派,雙面人
雜貨店,雜貨舖
母雞,雞
公雞,雞公
穿兔子鞋似的,雞咁腳
毛手毛腳,雞手鴨腳
雞毛撣子,雞毛掃
河豚,雞泡魚
牛皮紙,雞皮紙
這麼一點兒,雞碎咁多
雞血,雞紅
雞翅膀,雞翼
雞腿,雞脾
雞肫,雞腎
毛毛雨,雨粉
雨衣,雨褸
冰,雪
嗖的一聲,雪一聲
四輪冰鞋,雪屐
冰棍兒,雪條
梨子,雪梨
電冰箱,雪櫃
冰水,雪水
製冷劑,雪種
冰淇淋,雪糕
餛飩,雲吞
大理石,雲石
木耳,雲耳
零售,零沽
零花錢,零用錢
特別,零舍
摩托車,電單車
電門,電掣
電熱毯,電氈
手電筒,電筒
顯示器,電腦芒
汽艇,電船
電池,電芯
電鈴兒,電鈴
燙頭,電頭髮
電扇,電風扇
電鍋,電飯煲
燙髮,電髮
佔,霸
佔位子,霸位
靈機一動,靈機一觸
貽貝,青口
黃瓜,青瓜
漂亮,靚
帥哥,靚仔
漂亮女孩,靚女
不靠譜兒,靠唔住
臉,面
面不改色,面不改容
臉型,面型
洗臉巾,面巾
揣著明白裝糊塗,面懵心精
臉蛋,面珠墩
面軟,面皮薄
臉盆,面盆
臉色,面色
臉色青白,面青青
靴子,靴
鞋子,鞋
鞋拔子,鞋抽
鞋刷子,鞋擦
鞋釘,鞋碼
鞋尖,鞋頭
鞦韆,韆鞦
在,響度
調包,頂包
受不了,頂唔順
窩心,頂心頂肺
轉讓費,頂手費
頂替,頂檔
硬著頭皮上,頂硬上
到頂,頂籠
指證,頂證
拌嘴,頂頸
順道,順手
順當,順攤
領子,領
領帶,領呔
剛剛,頭先
焦頭爛額,頭崩額裂
頭球,頭槌
腦袋,頭殼
頭頂,頭殼頂
頭屑,頭皮
耷拉著腦袋,頭耷耷
頭痛,頭赤
頭球,頭錘
脖子,頸
喉嚨,頸喉
圍巾,頸巾
口渴,頸渴
項鍊,頸鍊
跑跑顛顛,頻頻撲撲
額,額頭
堪輿家,風水佬
颱風訊號,風球
吹風機,風筒
風衣,風褸
小流氓,飛仔
飛行員,飛機師
夾克衫,飛機恤
汆,飛水
口瘡,飛滋
不停站,飛站
氣墊船,飛翔船
開快車,飛車
剪髮,飛髮
理髮師,飛髮佬
理髮店,飛髮舖
拼命吃,食七咁食
要人家老命,食人隻車
順杆兒爬,食住上
吃不下,食唔落
吃奶,食奶
吃槍藥了,食左火藥
吃午飯,食晏
吃光,食晒
吃啞巴虧,食死貓
吃膩了,食滯
抽煙,食煙
吸白面兒,食白粉
吃裡扒外,食碗面反碗底
吃轉兒,食篩
喝粥,食粥
和了,食糊
動腦子,食腦
吃藥,食藥
舌頭打結,食螺絲
喝西北風,食西北風
練過武術,食過夜粥
吃過還想吃,食過返尋味
吃飯,食飯
飯桌,食飯檯
吃個夠,食餐飽
吃素,食齋
米飯,飯
飯勺,飯殼
鍋巴,飯焦
盒飯,飯盒
喝,飲
乾杯,飲勝
喝奶,飲奶
喝水,飲水
喝湯,飲湯
吸管兒,飲筒
吸管兒,飲管
喝茶,飲茶
漂亮衣服,飲衫
喝酒,飲酒
吃吃喝喝,飲飲食食
吃飽喝足,飲飽食醉
餅店,餅家
悅目,養眼
餓得要命,餓到死
口香糖,香口膠
香味兒,香味
香皂,香梘
腳氣,香港腳
狗肉,香肉
賽馬會,馬會
馬票,馬標
荸薺,馬蹄
荸薺糕,馬蹄糕
賽馬迷,馬迷
猴子,馬騮
接,駁
頂嘴,駁嘴
接骨,駁骨
禿子,駝背佬
劫持,騎劫
陽台,騎樓
牆頭草,騎牆派
踩單車,騎自行車
騾子,騾
害怕,驚
慌張,驚青
骨頭,骨
骰子,骰仔
腿,髀
運動衣,體育衫
高個子,高佬
攀高枝兒,高攀
架子大,高竇
高明,高章
高跟鞋,高踭鞋
髮梢,髮尾
髮邊兒,髮腳
刷牆,髹灰水
溜走,鬆人
酥脆,鬆化
大鬍子,鬍鬚佬
剃鬚刀,鬚刨
做木工,鬥木
木匠,鬥木佬
賽球,鬥波
對眼兒,鬥雞眼
罵,鬧
罵人,鬧人
老外,鬼佬
洋女人,鬼婆
自己人打自己人,鬼打鬼
天曉得,鬼知
滑頭,鬼馬
鬼祟,鬼鼠
黏扣帶,魔術貼
魚子,魚春
魚攤兒,魚檔
水產行,魚欄
魚丸,魚蛋
魚頭,魚雲
魚刺,魚骨
雞爪子,鳳爪
鴨子,鴨
鴨舌帽,鴨咀帽
鴨梨,鴨嘴梨
鴨肫,鴨腎
海水,鹹水
海魚,鹹水魚
艱苦,鹹苦
鹵蝦,鹹蝦
酸菜,鹹酸菜
壁虎,鹽蛇
麥子,麥
麥片,麥皮
麵包屑,麵包糠
芝麻油,麻油
刺兒頭,麻煩友
麻將桌,麻雀檯
老鷹,麻鷹
湊合,麻麻
紅糖,黃糖
蒙古大夫,黃綠醫生
搭錯哪條筋,黐咗邊條線
粘上,黐埋
神經病,黐線
大舌頭,黐脷根
蹭飯,黐餐
倒楣,黑仔
死眉瞪眼,黑口黑面
暗房,黑房
收屍車,黑箱車
黑貓兒,黑貓
墨鏡,黑超
點兒背,黑過墨斗
啞劇,默劇
老點不透,點極都唔明
怎樣,點樣
豈只,點止
怎麼看,點睇
誰知,點知
怎麼辦,點算
為什麼,點解
怎麼著都行,點話點好
蘸醬油,點豉油
鼻子,鼻哥
鼻孔,鼻哥窿
鼻涕,鼻水
整齊,齊整
整數,齊頭數
素菜館,齋舖
素菜,齋菜
光說不做,齋講唔做
素什錦,齋鹵味
桂圓,龍眼
鴇母,龜婆
橘子,桔
餛飩,雲吞
喝水,飲水
空腹,空肚
水果,生果
葡萄,提子
毛瓜,節瓜
麻團,煎堆
口渴,頸渴
充飢,頂肚
饞嘴,為食
李子,布冧
鴨梨,雪梨
絲瓜,勝瓜
黃瓜,青瓜
牛排,牛扒
蜂蜜,蜜糖
甜湯,糖水
烤豬肉,燒肉
雞爪子,鳳爪
胃口好,開胃
西洋梨,啤梨
白麵包,方包
太妃糖,拖肥
冰棍兒,雪條
雞翅膀,雞翼
草莓,士多啤梨
飽極了,飽到上心口
茄子,矮瓜
豬排,豬扒
玉米,粟米
香菜,芫荽
布丁,布甸
煎餃子,煎餃
胃口大,大食
肚子餓,肚餓
白豇豆,眉豆
煎蛋卷,奄列
果子凍,啫哩
冰淇淋,雪糕
雞腿兒,雞髀
有嚼勁兒,爽口彈牙
奶酪三明治,芝士三文治
扭頭,擰轉頭
耷拉着腦袋,頭耷耷
睜眼,擘大眼
閉眼,眯埋眼
眯着眼,矇住對眼
瞪眼睛,睩大對眼
抽鼻子,索鼻
抿嘴,搣嘴
噘嘴,嘟嘴
咧嘴,依起棚牙
嗑瓜子,剝瓜子
吐骨頭,𦧲骨
吐舌頭,伸脷
咂手指,啜手指
喊名字,嗌名
憋氣,閉氣
癟嘴,扁嘴
撇嘴,䌌嘴
啃玉米,刨粟米
親一下,錫一啖
唸稿子,照稿讀
哄孩子,氹細路
打哈欠,打喊露
舔嘴唇,舐舐脷
打噴嚏,打乞嗤
仰起頭,岳高頭
搖頭晃腦,揈頭揈髻
打瞌睡,瞌眼瞓
搖頭,擰頭
點頭,岌頭
咽唾沫,吞口水
噎着了,骾親
繃臉,板起塊面
叼着煙卷,擔住枝煙
瞟一眼,睄一眼
盯着看,岌住
揉眼睛,捽眼
拔牙,剝牙
塗口紅,搽唇膏
刮鬍子,剃鬚
掏耳朵,撩耳仔
掐脖子,撚頸
掐人中,㩒人中
捏泥人兒,搓泥公仔
捏鼻子,撚住個鼻
捏把汗,戥佢緊張
掰腕子,拗手瓜
打傘,擔遮
打毛衣,織冷衫
搭積木,砌積木
蓋毛毯,冚毛氈
夠得着夠不着,掂唔掂到
繫,綁
削,批
紮,紮
搧扇子,撥扇
拔白頭髮,掹白頭髮
拉箱子,拖喼
蹭,揩
蹲,踎
跺腳,揼腳
踹,踢
絆,棘
崴腳,扭親腳
翹二郎腿,翹腳
劈叉,擘一字馬
踮腳,趷高對腳
蹬三輪兒,踩三輪車
蹚,浭
邁,䌖
滑,跣
這幾個人睡覺的睡覺、看風景的看風景，沒一個人給孕婦讓座。,呢幾個人瞓覺嘅瞓覺，睇風景嘅睇風景，冇一個人讓座俾個大肚婆。
是啊，那個年輕人一看見孕婦走過來，馬上扭過頭去看風景。,係呀，嗰個後生仔一睇見個大肚婆行埋嚟，就即刻擰轉頭睇風景。
他的頭倒是扭得夠快的。,佢個頭又真係轉得夠晒快喎。
小明，你今天怎麼一直耷拉着腦袋？,明仔，你今日點解一直頭耷耷呀 ?
我上課的時候把手舉得高高的，老師也不叫我。,我上堂嗰陣係噉舉高隻手，先生都唔叫我。
哦，原來是這樣。,哦，原來係噉
後天的面試太重要了，你千萬別忘了。,後日嘅面試太緊要啦，你千祈唔好唔記得喎。
忘不了，我把它寫在紙條上，貼在床頭。早上一睜眼就能看見。,唔會嘅，我將佢寫低喺紙條上便，貼喺床頭。朝早一擘大對眼就睇到㗎啦。
就怕你到了中午才睜眼，早上的面試時間早過了。,就係怕你到咗晏晝先至擘大眼，朝早嘅面試時間就噉過咗嘑。
聽說九龍城有家泰國咖喱，好多人去光顧啊！,聽講九龍城有間泰國咖喱好多人幫襯喎！
你說的是「福佬榮」吧！我就住在九龍城，那家泰國菜館開了幾十年 了，在這裏閉着眼都知道怎麼走！,你講嘅係「福佬榮」吖嘛！我住九龍城嘅，間泰國菜館開咗幾十年嘑，喺呢度咪埋眼都識得行去囉！
那下次你一定要帶我去那裏試試啊！,噉下次你一定要帶我去嗰度試吓！
衣服、衣裳,衫
外衣、上衣,面衫
內衣、汗衫,底衫
針織衫,T恤
襯衫,恤衫
毛衣,冷衫
運動衣,體育衫
球衣,波衫
棉襖,棉衲
外套,短褸
大衣,大褸
短大衣,中褸
風衣,風褸
風雨衣,乾溼褸
連衣裙,直身裙、連身裙
西服、西裝,西裝
球鞋,波鞋
高跟兒鞋,高踭鞋
領帶,領呔
襪子,襪
手套,手襪
鴨舌帽,cap 帽
圍巾,頸巾
圍嘴兒,口水肩
手絹,手巾
髮卡,髮夾
髮箍,頭箍
項鏈,頸鏈
墜子、項墜,鍊嘴
耳環、耳墜子,耳環
手鐲,手鈪
胸針、胸花,心口針
胸章,襟章
墨鏡,黑超
大號兒,大碼
牛排,牛扒
牛裏脊,牛柳
牛胃、牛百葉兒,牛柏葉
豬排,豬扒
豬蹄,豬腳
五花肉,五花腩
雞塊兒,雞球
雞翅膀,雞翼
雞腿,雞髀
雞爪子,鳳爪
烤鴨,烤鴨、填鴨
鴨胗兒,鴨腎
生魚片,魚生
芡粉,生粉
香油、芝麻油,麻油
醬油,豉油
濃醬油,老抽
淡醬油,生抽
醬豆腐,南乳
紅糖,黃糖
薑泥,薑蓉
蒜泥,蒜蓉
銀耳,雪耳
江米、糯米,糯米
桃酥,合桃酥
餛飩,雲吞
粽子,粽
油條,油炸鬼
麻團,煎堆
松花蛋、皮蛋,皮蛋
鹹鴨蛋,鹹蛋
稀粥,白粥
稀飯,潮州粥
光麪,淨麪
拌麪,撈麪
方便麪,公仔麪
鍋巴,飯焦
魚肉團兒,魚蛋
肉丁,肉粒
煎蛋卷,奄列
甜品、甜湯,糖水
湯圓、元宵,湯丸
糯米糰子,糯米糍
綠豆粥,綠豆沙
杏仁酪,杏仁糊
冰淇淋,雪榚
冰棍兒,雪條
西點,西餅
雞蛋餡兒烘餅,蛋撻
白麪包,方包
發糕,鬆糕
果凍兒,啫喱
布丁,布甸
沙拉,沙律
烤麪包片兒,多士
黃油,牛油
奶酪,芝士
酸奶,乳酪
奶油,忌廉
蜂蜜,蜜糖
三明治,三文治
素菜,齋
素什錦,齋鹵味
油豆腐,豆腐卜
豆腐皮,腐皮
腐竹,枝竹
豆腐腦兒,豆腐花
口香糖,香口膠
泡泡糖,吹波膠
棒棒糖,波板糖
巧克力,朱古力
太妃糖,拖肥糖
蘋果排,蘋果批
爆玉米花兒,爆谷
涮鍋子,打邊爐
開水,滾水
涼白開,凍滾水
嘴饞,為食
夜宵,宵夜
挑吃選喝,揀飲擇食
天台／曬台,天棚
小閣樓,閣仔
地下室,地牢
窗格子,窗花
窗戶,窗門
打間隔,間房
臥室,睡房
旁邊、隔壁,隔離
台階,石級
門鈴,門鐘
自來水,水喉水
臉盆,面盆
家裏,屋企
雜物間,士多房
角落,角落頭
照料、照看,打理
收拾,執拾
洗衣服,洗衫
晾衣服,晾衫
衣服夾子,晾衫夾
抹桌子,抹枱
抹窗戶,抹窗
灌水,沖水
沏茶,沖茶
拖地板,抹地
整理房間,執屋
淘米,洗米
熬粥,煲粥
澆花,淋花
熨衣服,熨衫
疊被窩,摺被
燙着手,辣嚫手
接電話,聽電話
回電話,覆電話
佔線,打唔通
掛,收線
陽台,騎樓
馬桶,坐廁
欄杆,欄河
窗戶,窗門／窗口
陰溝,暗渠
工地,地盤
煙囱,煙通
台階,石級
雜貨鋪,士多
混凝土,石屎
壁櫃,入牆櫃
臥室,睡房
打隔斷,間房
水坑,水氹
死胡同,掘頭巷
大理石,雲石
坐墊,咕臣
柵欄,閘
洗澡間,沖涼房
空調,冷氣
傢具,傢俬
沙發,梳化
抽屜,櫃桶
冰箱,雪櫃
豁亮、亮堂,光猛
寬敞,闊落
精緻,骨子
狹窄,屈質
有條理,企理
褐色,茶色
淡赭色,肉色
黃澄澄,黃黚黚
紅彤彤,紅當蕩
雪白的,白雪雪
黑黑的,烏卒卒
黝黑的,黑瞇蚊
花里胡哨,花哩碌
黑不溜秋,黑古勒特
圓珠筆,原子筆
尺子,間尺
橡皮,擦膠
捲筆刀、鉛筆刀,鉛筆刨
硯台,墨硯
毛筆,墨筆
曲別針、回形針,萬字夾
圖釘兒,撳釘
橡皮圈兒、橡皮筋兒,橡筋
板擦兒,粉擦
默寫,背默
聽寫,讀默
繞口令,急口令
温習、複習,温書
教室,班房
換課,轉堂
留級,留班
上學,返學
上課,上堂
下課,落堂
作弊,出貓
不及格,肥佬
請假,告假
作業本,作業簿
簡答題,短答題
打鈎兒,打剔
打叉兒,打交叉
箭頭,箭嘴
橫着讀,打橫讀
過家家,煮飯仔
跳棋,波子棋
井字過三關,打井
剪刀、石頭、布,包、剪、揼
捉迷藏,伏匿匿
老鷹抓小雞,麻鷹捉雞仔
丟手絹兒,掉手巾
盪秋千,打千秋
滑滑梯,瀡滑梯
蹺蹺板,搖搖板
騎自行車,踩單車
溜冰,踩冰
下棋,捉棋
放風箏,放紙鷂
跳橡皮筋兒,跳橡筋繩
踢毽子,踢毽
玩電子遊戲,打機
拼圖,砌圖
魔方,扭計骰
連環畫,漫畫
看電影,睇戲
電影院,戲院
倒立,倒豎葱
動畫片兒、卡通,卡通片
開玩笑,講笑
相聲,楝篤笑
爺爺、祖父,爺爺
奶奶、祖母,嫲嫲
老爺、外公,公公
姥姥、外婆,婆婆
伯伯、伯父,伯父
大娘、伯母,伯娘
舅舅,舅父
舅媽,舅母
姑姑、姑母,姑姐
姑父、姑丈,姑丈
姪子,姪仔
公公,老爺
婆婆,奶奶
媳婦、兒媳婦兒,新抱
岳夫、丈人,外父
岳母、丈母娘,外母
小兒子,孻仔
乾爹,契爺
乾媽,契媽
乾兒子,契仔
寶寶,BB仔
小孩兒,細路仔
雙胞胎,孖生
老大爺、老頭兒,伯爺公
老大娘、老太婆,伯爺婆
小伙子,後生仔
小胖子,肥仔
大個子,大隻佬
大嫂,師奶
乞丐、叫化子,乞衣
土包子,大鄉里
傻丫頭,傻妹
冒失鬼,失魂魚
昨天,尋日
明天,聽日
後天,後日
整天,成日
改天、改日,第日
順延一天,褪一日
前後五天,頭尾五日
昨晚,尋晚
明晚,聽晚
傍晚,挨晚
去年,舊年、上年
明年,出年
年初,年頭
年底,年尾
月初,月頭
月底,月尾
上午,上晝
中午,晏晝
下午,下晝
半天,半晝
早上、早晨,朝早
天亮,天光
白天,日頭
剛剛,啱啱
剛、剛才,正話
先頭兒,頭先
有時,間中
常常,周不時
到時候,到期時
回頭,轉頭
沒多久,冇幾耐
現在,宜家
以前、舊時,舊陣時
甚麼時候,幾時
很久,好耐
最近,近期
提早,預早
一眨眼,眨吓眼
一轉眼,轉吓眼
一天到晚,一日到黑
從早到晚,由朝到黑
一年到頭,一年到晚
個人電腦,PC機
便攜式電腦,手提電腦
筆記本電腦,筆記簿電腦
內存,記憶體
鼠標,滑鼠
電子記事簿,電子手賬
複製,拷貝
磁盤、軟盤,磁碟
信息,資訊
服務器,伺服器
光盤,光碟
電子信箱,電郵信箱
顯示屏,mon（monitor的俗稱）
計算機,計數機
耳機,耳筒
機身,機殼
激光,鐳射
雙聲功能,麗音
光盤機,CD機
視盤機,VCD機
數字式視盤機,DVD機
電傳,傳真
擴音筒,大聲公
話筒、麥克風,咪
錄音帶,聲帶
錄像,錄影
照像,影相
膠卷兒,菲林
洗照片兒,曬相
硬盤,硬碟
三角架,腳架
下雨,落雨
下雪,落雪
暴雨,豪雨
小雨,微雨
陣雨、驟雨,過雲雨
下毛毛雨,落微微雨
潲雨,撇雨
打雷,行雷
打閃,閃電
颳颱風,打風
颱風訊號,風球
轉暖,回南
悶熱,翳熱、翳焗
天氣炎熱,天時暑熱
煙霧,煙霞
天亮,天光
晴天,好天
天色陰沈沈的,天陰陰
颳風,翻風
眼睛、眼,眼
眉毛,眼眉
鬥眼兒、對眼兒,鬥雞眼
耳朵,耳仔
嘴、口,口
嘴唇,口唇
嗓子,喉嚨
結巴、口吃,嘍口
胸口、心口,心口
鼻子,鼻、鼻哥
鼻孔,鼻哥窿
臉、面,臉
臉蛋兒,面珠墩
辮子,辮
脖子,頸
腿肚子,腳瓜
大腿,大髀
腳掌,腳板
嗓子,喉嚨
酒窩,酒凹
太陽穴,魂精
胳膊肘兒,手踭
小舌頭,吊鐘
夾肢窩,格肋底
肩膀,膊頭
腳跟,腳踭
劉海兒,前額的陰
鬈髮,攣毛
膝蓋,膝頭
後腦勺兒,後尾枕
羅鍋兒,駝背
對眼兒,鬥雞眼
麻子,豆皮
齜牙,哨牙
牙牀、牙齦,牙肉
胳膊、上臂,手瓜
指甲,手甲
手掌,手板
大舌頭,痴脷根
蛀齒、蟲牙,爛牙
打嗝兒,打思噎
打噴嚏,打乞嗤
打哈欠,打喊露
打呼嚕,扯鼻鼾
忌口,戒口
噁心,作悶
想吐,作嘔
着涼,冷親
鬧肚子,搞肚
上拉下瀉,又痾又嘔
拉肚子,肚痾
落枕,瞓癘頸
便血,痾血
上火,熱氣
閃了腰,扭親腰
胖乎乎,肥嘟嘟
臉色灰白,面青青
長口瘡,生痱滋
掉牙,甩牙
咳嗽,咳
鼻子不通氣兒,鼻塞
皴裂,爆拆
合口,埋口
中藥店,藥材鋪
長蟲子,生蟲
打蟲子,杜蟲
看病,睇病
治病,醫病
假條兒、醫生證明,醫生紙
急診室,急症室
嗓子疼,喉嚨痛
量體温、試錶,探熱
青,瘀
弄破、碰破,整損手
手崴了,屈親手
螃蟹、蟹,蟹
牡蠣、蠔,蠔
扇貝,帶子
草魚、鯇魚,鯇魚
平魚、鯧魚,倉魚
鯰魚,塘蝨魚
偏口魚、比目魚,鰨沙魚
帶魚,牙帶魚
河豚,雞泡魚
章魚,八爪魚
烏賊,墨魚
鱉、甲魚、王八,水魚
羊羔,羊咩仔
大象,大笨象
猴子,馬騮
豹子、豹,豹
小雞,雞仔
小鳥、鳥兒,雀仔
大雁,雁
鴿子,白鴿
老鷹,麻鷹
八哥,了哥
蝙蝠,蝠鼠、飛鼠
豪豬,箭豬
蠍虎、壁虎,簷蛇
蚱蜢,草蜢
蠶,蠶蟲
蒼蠅、蠅子,烏蠅
蚊子,蚊
臭蟲,木蝨
蜈蚣,百足
蟑螂,曱甴
豆芽兒,芽菜
油菜,菜心
芥藍菜,芥蘭
大白菜,黃芽白、紹菜
小白菜,白菜仔
洋白菜、卷心菜,椰菜
菜花、花椰菜,椰菜花
空心菜、蕹菜,通菜
青梗菜,小唐菜
豇豆,青豆角
豌豆,荷蘭豆
菜豆,四季豆
西紅杮、番茄,番茄
黃瓜,青瓜
絲瓜,勝瓜
毛瓜,節瓜
茄子,矮瓜
苦瓜,涼瓜
柿子椒,青椒
胡蘿蔔,甘筍、紅蘿蔔
西芹菜,西芹
藕,蓮藕
荸薺,馬蹄
土豆兒、馬鈴薯、甘薯,薯仔
地瓜、番薯,番薯
玉米,粟米
竹荀,荀
香菜、芫荽,芫茜
大蒜,蒜頭
核桃,合桃
水果,生果
橙子,橙
橘子,桔
草莓,士多啤梨
梨,雪梨
澳洲梨,啤梨
鴨兒梨,鴨嘴梨
菠蘿、鳳梨,菠蘿
菠蘿蜜,大樹菠蘿
獼猴桃,奇異果
鱷梨,牛油果
柚子,碌柚、沙田柚
李子,布冧
葡萄,提子
櫻桃,車厘子
桂圓、龍眼,龍眼
甘蔗,蔗
生氣,發嬲
討厭、恨,憎
討人嫌,乞人憎
疼愛,愛錫
氣,激
氣人,激氣
惹火兒了,激嬲
費勁兒、白搭,嘥氣
窩火兒、憋氣,谷氣
動氣、生氣,勞氣
害羞、害臊,怕醜
難看,醜怪
羞死人,醜死鬼
洋相,異相
緊張,肉緊
難看、難聽,肉酸
黑着臉,黑口黑面
愁眉苦臉,苦口苦面
臉色蒼白,面青青
有氣無力,有神無氣
憔悴多了,落晒形
目瞪口呆,呆咗
傻里傻氣,傻更更
別慌,唔使驚
生怕,驚死
哭,喊
呆若木雞,定晒型
發愣、發呆,發漚豆
真帥,有型有款
滑稽,鬼馬
撒嬌,詐嗲
給臉色看,詐型
抹粉,搽粉
上藥膏,搽藥膏
拼圖,砌圖
玩積木,砌積木
打傘,擔遮
扛大旗,擔大旗
捶背,抌骨
打印,抌印
砍柴,斬柴
千挑萬選,千揀萬揀
種地,耕田
摁鈴,㩒鐘
湊份子,夾錢
串通,夾計
割草,斬草
把手弄破了,整損手
收拾房間,執房
把玻璃擦乾淨,捽乾淨塊玻璃
挖個洞兒,掘個窿
蹲,踎
燙着了,淥嚫
搧扇子,撥扇
上色、上顏色,油顏色
摘眼鏡兒,除眼鏡
削鉛筆,刨鉛筆
計算、算帳,計數
算了,算數
算我的,入我數
結帳,找數
繫領帶,打呔
小意思,溼溼碎
笨手笨腳,雞手鴨腳
冒失,失魂
揹黑鍋,食死貓
碰運氣,撞彩
找竅門兒,度橋
吹牛,車大砲
裝糊塗,扮懞
拍馬屁,擦鞋
拔河,扯大纜
給面子,畀面
走了眼,跌眼鏡
翻跟頭,打觔斗
倒閉,執笠
慢着,咪住
大膽,沙膽
閒聊,打牙骹
佔便宜,打斧頭
撂挑子,卸髆
錯過了好處,走寶
半瓶醋,半桶水
拆台,柴台
現編,爆肚
小氣,孤寒
耍花招兒,出術
沒骨氣,冇腰骨
掰腕子,抝手瓜
狗咬狗,鬼打鬼
做作,作狀
一個心眼兒,疊埋心水
無緣無故,無端端
不要緊,唔緊要
沒關係,冇所謂
當心,因住
一塌糊塗,烏里單刀
吃虧,蝕底
不怕吃虧,抵得諗
半斤八兩，彼此彼此,一擔擔
權力大,手瓜硬
不領情，好心反被當惡意,好心着雷劈
結業,執笠
亂成一團糟,七國咁亂
吃閉門羹,摸門釘
坐吃山空,坐食山崩
揀到便宜,執死雞
好端端的人,好人好姐
稀奇古怪,古靈精怪
好管閒事、愛打聽,八卦
怎麼搞的,有冇搞錯
成了、完事兒了,搞掂
嘮嘮叨叨沒個完,口水多過茶
虎頭蛇尾,有頭威冇尾陣
滿身是汗,身水身汗
有條不紊,有紋有路
屢問屢不答,十問九唔應
深入想想,諗深一層
臉盆兒,面盆
鋸末,木糠
泡沫塑膠,發泡膠
換氣扇、排風扇,抽氣扇（機）
拖把、墩布,地拖
剪刀,鉸剪
簸箕,垃圾鏟
撢（撣）子,雞毛掃
鐵鍋,鑊
飯勺兒,飯殼
勺子,匙羹
電池,電芯
插座,插蘇
日光燈,光管
燈泡兒,燈膽
扳手,士巴拿
改錐、螺絲刀,螺絲批
電扇,風扇
汽油,電油
柴油,油渣
煤油,火水
蓮蓬頭,花灑
保險絲,灰士
車軲轆、車輪子,車轆
衛生球兒,臭丸
塑料袋,膠袋
鐵絲,鐵線
烤箱,焗爐
吹風機,風筒
電門,電掣
彈簧,彈弓
清潔劑,洗潔精
變壓器,火牛
香皂、肥皂,番梘
撲克,啤牌
上下鋪、雙層床,轆架床
砂鍋,瓦煲
高壓鍋、壓力鍋,高速煲
熱水瓶,熱水壺
烤箱,焗爐
電冰箱,雪櫃
勺子、湯匙,匙羮
花瓶,花樽
充電器,叉電器
插座,插蘇
變壓器,火牛
電池,雪芯
電燈泡,電燈膽
熒光燈、日光燈,光管
熱水袋,暖水袋
雨傘,雨遮
摺疊傘,縮骨遮
雨衣,雨褸
雨鞋、雨靴,水鞋
鑰匙,鎖匙
撲滿、錢罐兒,錢罌
塑料,塑膠
塑料袋,膠袋
泡沬塑料,發泡膠
鐵絲,鐵線
彈簧,彈弓
子母扣兒、摁扣兒,迫鈕
轎車,房車
出租車,的士
公共汽車,巴士
自行車,單車
摩托車,電單車
救護車,救傷車
方向盤,呔盤
車廂,車卡
超車,扒頭
拋錨,死火
倒車,轉車／換車
停車,泊車
堵車,塞車
駕駛盤,軚
制動器,逼力
下車,落車
乘車、坐車,搭車
末班車,尾班車
來回票,雙程票
單程線,單程路
人行橫道,斑馬線
人行道,行人路
車道,馬路
打的,搭的士
立交橋,行車天橋
路口,街口
路燈,街燈
拐彎兒,轉彎
靠站,埋站
車皮,貨卡
搭腳兒,搭順風車
車丟了,失車
鐵欄杆兒,鐵馬
兜個圈兒,打個冷
繞道,運路行
暈船,暈船浪
暈車,暈車浪
車資,車錢
三岔路,分叉路
餐車,（火車上的）餐卡
某路車,某號巴士
小船兒,艇仔
公共汽車,巴士
自行車,單車
摩托車,電單車
車胎,車呔
小型貨車,貨van
手推車,木頭車
運泥車,泥頭車
救護車,救傷車
私人汽車,私家車
摩托車,電單車
氣墊船,飛翔船
堵車,塞車
擠車,迫車
車廂,車卡
拋錨,死火
車輪,車轆
剎車,剎掣
人行道,行人路
輪胎破裂,爆呔
路口,街口
乘幾路車,搭幾號車
乘坐,乘搭
首班車,頭班車
末班車,尾班車
終點站,尾站
始發站,總站
轉乘,接駁
車資,車費
交通阻塞,交通擠塞
摩托車,電單車
方向盤,呔盤
拋錨,死火
跳站,飛站
靠站,埋站